﻿desa_id,id,nama,sasaran,ndesc,sdate,edate,userid,status,asaldana
53.06.13.2001,1,BPNT,2,"Program KESOS memberi bantuan sosial pangan dalam bentuk non tunai dari pemerintah yang diberikan kepada KPM setiap bulannya melalui mekanisme akun elektronik yang digunakan hanya untuk membeli bahan pangan di pedagang bahan pangan/e-warong yang bekerjasama dengan bank.",2015-12-13,2021-12-13,0,,Pusat
53.06.13.2001,2,BLSM,2,"Bantuan Langsung Sementara Masyarakat atau BLSM (kadang disebut juga balsem) adalah bantuan yang diberikan Pemerintah Indonesia menyambut kenaikan harga BBM yang terjadi pada 22 Juni 2013 pada jam 00.00",2015-12-13,2017-12-13,0,,Pusat
53.06.13.2001,3,PKH,2,"Program Keluarga Harapan yang selanjutnya disebut PKH adalah program pemberian bantuan sosial bersyarat kepada Keluarga Miskin (KM) yang ditetapkan sebagai keluarga penerima manfaat PKH.

Sebagai sebuah program bantuan sosial bersyarat, PKH membuka akses keluarga miskin terutama ibu hamil dan anak untuk memanfaatkan berbagai fasilitas layanan kesehatan (faskes) dan fasilitas layanan pendidikan (fasdik) yang tersedia di sekitar mereka.",2015-12-13,2022-12-13,0,1,Pusat
53.06.13.2001,4,"Bedah Rumah",2,"Bantuan Stimulan Perumahan Swadaya (BSPS). Program ini lebih dikenal sebagai program Bedah Rumah.

Kementrian Pekerjaan Umum dan Perumahan Rakyat (KemenPUPR) menjalankan BSPS untuk membantu Masyarakat Berpenghasilan Rendah (MBR), agar dapat memiliki rumah yang layak huni.",2015-12-13,2021-12-13,0,,Pusat
53.06.13.2001,5,JAMKESMAS,1,"Jamkesmas ( akronim dari Jaminan Kesehatan Masyarakat ) adalah sebuah program jaminan kesehatan untuk warga Indonesia yang memberikan perlindungan sosial dibidang kesehatan untuk menjamin masyarakat miskin dan tidak mampu yang iurannya dibayar oleh pemerintah agar kebutuhan dasar kesehatannya yang layak dapat terpenuhi.Program ini dijalankan oleh Departemen Kesehatan sejak 2008.",2008-12-13,2010-12-13,0,,Pusat
